spotify_id;nombre;es_explicito;duracion_ms;danceability;energy;key;loudness;mode;speechiness;acousticness;instrumentalness;liveness;valence;tempo;time_signature;album_id
3mg9jYNC1NihbthlglzrWP;57;True;298130;0.848;0.712;1;-3.574;0;0.0981;0.221;0.0;0.106;0.692;91.98;4;1
13BDiikG6y5o5cQTK0HpW6;Soltera - W Sound 01;True;142022;0.734;0.578;1;-4.147;1;0.295;0.155;0.000242;0.113;0.88;199.997;4;2
2btNsI4OvcVl7SAHQQDHFB;MÃ­rame;True;157453;0.717;0.656;7;-4.449;1;0.0797;0.141;2.96e-05;0.0661;0.695;175.956;4;3
0fKK51bU6lcCCwdNnv64t3;DEPORTIVO;True;218701;0.816;0.762;0;-2.864;1;0.0565;0.534;0.000404;0.0845;0.782;90.025;4;4
2ALQyXMC26Vew7JX7ert9M;POLOS OPUESTOS REMIX - BLESSD VERSION;True;216000;0.535;0.545;9;-7.98;0;0.2;0.39;0.0;0.0648;0.553;118.994;5;5
7bywjHOc0wSjGGbj04XbVi;LUNA;False;196800;0.774;0.86;7;-2.888;0;0.13;0.131;0.0;0.116;0.446;100.019;4;6
05sO6FK8E9l2cfwnEUTjHq;CUAL ES ESA;True;172506;0.916;0.481;6;-4.483;0;0.194;0.0179;0.0;0.121;0.714;95.998;4;6
1hZsWUnLbqRw09jLAMQSsb;CLASSY 101;True;195586;0.858;0.665;11;-4.772;1;0.152;0.126;0.0;0.119;0.659;100.09;4;6
2Yc3MHpZ9R5UCIz78E20AQ;ALAKRAN;False;90613;0.692;0.633;7;-3.085;0;0.0721;0.039;4.09e-05;0.118;0.319;98.088;4;6
3KwYiawBfqngH7eaUHQn2N;FDSR;False;188181;0.798;0.656;0;-2.897;0;0.181;0.0163;9.39e-06;0.0917;0.658;175.926;4;7
2gmd7lY3QSzLh0xIY4cRvi;SE ME OLVIDA;True;225373;0.786;0.707;7;-4.386;0;0.0635;0.0399;0.0;0.121;0.691;82.045;4;8
0iVEujJcafOBnxa654fJYu;Cosas Pendientes;False;184462;0.835;0.67;5;-2.748;0;0.0562;0.261;0.0;0.185;0.78;82.008;4;9
1YYfyJ2yCvGFCxwjsIqEK9;KhÃ©?;False;206066;0.687;0.627;7;-4.975;1;0.181;0.326;0.0;0.0893;0.47;155.865;4;10
0l0vcZMU7AOeQmUIREoI2U;QuÃ© PasarÃ­a...;True;191018;0.833;0.563;4;-5.593;0;0.204;0.528;1.27e-05;0.139;0.343;105.008;4;10
4lqJsJd7kqWVvamQ4aFHA8;RevolÃº;True;215511;0.728;0.688;9;-3.552;1;0.104;0.0615;2.72e-06;0.104;0.442;196.115;4;10
1uFW6czrHk5PsK3s6gOI7C;Se Fue;False;240179;0.689;0.743;8;-2.817;1;0.0328;0.0694;0.0;0.0966;0.138;119.957;4;10
2eQFYGegTZaObk2kuBz83Z;TÃº Con Ã‰l;False;289131;0.736;0.888;7;-4.518;1;0.0408;0.243;0.000205;0.239;0.788;93.05;4;10
3PJgmyLaybZtALX4mrgbiD;Espresso Martini;True;191219;0.864;0.568;8;-5.579;1;0.122;0.537;2.3e-05;0.12;0.192;123.036;4;10
0xyWkRMb09qdCDhloehCsi;Ni Me Conozco;True;229787;0.553;0.535;5;-6.681;0;0.168;0.335;0.0;0.169;0.307;90.168;4;10
5tZgkV8FTe3rtl8OcSeQAb;DÃ©jame Entrar;True;254705;0.675;0.697;0;-5.795;1;0.0483;0.343;2.89e-05;0.0996;0.262;102.006;4;10
7xdRj1wA4XzYnXynPmtmnq;Committed;True;159344;0.749;0.639;8;-5.406;1;0.108;0.129;0.0;0.12;0.483;121.982;4;10
5UxEKpzvvLnjoC10XoogN3;Cosa Nuestra;True;260454;0.688;0.679;6;-4.477;1;0.0694;0.342;2.01e-06;0.601;0.739;172.035;4;10
4jjFjbqCTkaN1mGb0BMYl2;Amar De Nuevo;True;268042;0.708;0.451;11;-6.826;1;0.0329;0.313;0.0;0.207;0.326;95.033;4;10
3HCcfBsa4TdiC0so0fPnRi;Baja Pa' AcÃ¡;True;200000;0.788;0.784;8;-2.653;1;0.075;0.395;0.0;0.219;0.503;93.009;4;10
2J0TjDpiUlwgFRvVxtaLud;Mil Mujeres;True;168922;0.658;0.852;7;-5.482;1;0.0596;0.0532;8.34e-05;0.137;0.52;147.895;4;10
7v12ia1PFVN9jSgU43rJnS;IL Capo;True;249599;0.798;0.537;8;-5.078;1;0.103;0.185;8.96e-05;0.139;0.123;125.099;4;10
0dDr2LgiACQVkZYJeStWh6;Pasaporte;False;263451;0.799;0.757;2;-3.603;1;0.0326;0.0323;4.26e-06;0.332;0.653;116.97;4;10
1UTLq40xh63wMrHELGnKWW;2:12 a. m.;True;211918;0.724;0.754;8;-3.89;1;0.0317;0.118;0.0;0.122;0.543;125.039;4;10
63jUTfcbudnrqoPCC5Qp4i;SEXXXMACHINE;True;236352;0.849;0.826;2;-3.508;1;0.0737;0.0703;0.0;0.0491;0.649;114.982;4;10
4O3EdWEn3apRHpiZxYabtl;Touching The Sky;False;185613;0.776;0.788;5;-3.656;1;0.073;0.0381;4.79e-05;0.289;0.624;128.021;4;10
7zYAuEf69m4bQmJvw0MTka;SQ - W Sound 04;True;153402;0.773;0.777;8;-5.449;0;0.168;0.383;0.0;0.106;0.908;97.086;4;11
281YJmnThveWjsWVic9Ym6;Las Piponas (Remix);True;244000;0.73;0.587;8;-4.978;1;0.083;0.0223;0.0;0.14;0.109;119.656;4;12
6WatFBLVB0x077xWeoVc2k;Si Antes Te Hubiera Conocido;False;195824;0.924;0.668;11;-6.795;1;0.0469;0.446;0.000594;0.0678;0.787;128.027;4;13
0Qe2g06yzLBuuSvVmFiweP;Hasta AquÃ­ LleguÃ©;False;188887;0.641;0.657;11;-8.338;0;0.218;0.538;0.0;0.106;0.411;100.016;4;14
4zbEItKoaRId1vRZkoO0Uh;ImagÃ­nate;True;170365;0.779;0.737;11;-4.667;1;0.109;0.134;0.0;0.0974;0.445;101.923;4;15
5QjmUqgpPQgXgg4606DqZF;UWAIE;False;172427;0.705;0.783;9;-4.783;0;0.0403;0.138;0.0;0.0984;0.454;103.001;4;16
1fTjqf10accJCDYstPwwZ6;Ohnana;False;156577;0.775;0.581;1;-3.621;0;0.108;0.617;8.33e-06;0.0957;0.658;104.977;4;17
60u6hcpH5Qm1M3xESdNBrB;Frente al Mar;False;165178;0.75;0.682;10;-3.825;1;0.0945;0.168;1.28e-06;0.112;0.618;100.036;4;18
1cOboCuWYI2osTOfolMRS6;Tu Boda;True;225880;0.694;0.651;6;-6.968;1;0.0784;0.496;1.36e-05;0.0787;0.471;112.648;3;19
0qeIFEGRQqHoaJtLCl0U73;DEGENERE ðŸ‘‘ (feat. benny blanco);True;130880;0.744;0.709;6;-5.778;0;0.284;0.0501;0.0;0.0847;0.712;194.055;4;20
63pLfjK6FvcYJYMGwtHjd6;SORRY 4 THAT MUCH;True;207746;0.819;0.675;7;-4.281;1;0.0727;0.0318;0.0;0.289;0.602;92.99;4;21
2CeKVsFFXG4QzA415QygGb;Feliz CumpleaÃ±os Ferxxo;False;155960;0.865;0.573;5;-5.501;1;0.0678;0.0863;0.0;0.305;0.563;94.999;4;22
0T2pB7P1VdXPhLdQZ488uH;Normal;True;171880;0.709;0.56;4;-4.867;0;0.171;0.034;0.0;0.315;0.541;170.082;4;22
1sbNEFiURUYfy024cJX8JG;Ferxxo 100;False;167760;0.705;0.562;8;-3.378;0;0.0674;0.257;0.0;0.137;0.569;163.893;4;22
57pj5sOWSCAqZm088LMcE4;Oe BebÃ©;True;186463;0.751;0.739;9;-3.649;0;0.0789;0.133;0.0;0.141;0.795;94.065;4;23
0Sr7ssScx54yxdM2ols7nW;Q U E V A S H A C E R H O Y ?;True;224022;0.56;0.681;6;-6.304;0;0.244;0.103;0.0;0.106;0.388;155.079;4;24
1pLCpA1RN8avJxSD3ZCwhj;Pa' Que La Pases Bien;False;214120;0.897;0.755;9;-5.684;0;0.144;0.00758;0.000451;0.264;0.567;110.008;4;25
7iQXYTyuG13aoeHxGG28Nh;PERRO NEGRO;True;162767;0.911;0.778;5;-2.248;1;0.262;0.0887;2.16e-05;0.179;0.345;96.057;4;26
3vpvKFigw8bNApZzuOleGe;Movimiento de Caderas;False;190000;0.72;0.578;9;-6.784;0;0.48;0.103;0.0;0.119;0.671;180.132;4;27
3u2jlo9kygiIAq7SPVuw6S;Dile a Tu Amiga;True;214120;0.794;0.576;2;-12.111;1;0.0591;0.225;0.00381;0.0854;0.914;94.993;4;28
5pVJ3IlnpIorU44oXizzG5;Orion;False;240964;0.857;0.705;1;-4.775;1;0.183;0.322;0.00249;0.197;0.874;105.011;4;29
6DUdDIRgLqCGq1DwkNWQTN;Borro Cassette;False;207306;0.73;0.701;5;-5.885;0;0.106;0.132;0.0;0.151;0.785;175.95;4;30
6a9Z1jUms915w4O7N1PxjY;Santa;False;193038;0.725;0.709;3;-5.017;0;0.129;0.321;0.000189;0.114;0.648;99.993;4;31
3OJDtCdYs8QJnui708tEU3;Soltera;False;214642;0.841;0.752;2;-4.735;1;0.105;0.167;0.00046;0.949;0.67;100.076;4;32
4bw8mcDUSRWfQo63ZTYRnU;SegÃºn QuiÃ©n;True;142334;0.909;0.762;9;-3.974;1;0.0643;0.434;0.0;0.0856;0.843;101.987;3;33
0zNMdrDEs5N0JPQ7RYQZln;QUEMA;True;150927;0.819;0.861;0;-3.322;1;0.0491;0.0286;0.000836;0.0676;0.905;97.014;4;34
2plbrEY59IikOBgBGLjaoe;Die With A Smile;False;251667;0.521;0.592;6;-7.777;0;0.0304;0.308;0.0;0.122;0.535;157.969;3;35
6rZno3nqeT7hv2PnSWRuYS;YOGURCITO;True;183535;0.753;0.61;5;-5.527;0;0.0517;0.176;0.0;0.183;0.802;141.958;4;36
505v13epFXodT9fVAJ6h8k;AMARGURA;True;170480;0.912;0.7;6;-3.331;0;0.068;0.163;0.0;0.174;0.535;106.981;4;37
1JXcB149QtbcIpDUA6YZOB;Algo Que Se Quede;False;220135;0.751;0.722;2;-4.197;1;0.0506;0.457;0.0;0.178;0.788;140.043;4;38
2llFXBrftm6YJzBj3tpk0s;DoblexxÃ³;True;176720;0.787;0.775;1;-4.607;0;0.0699;0.0373;0.0;0.116;0.826;99.008;4;39
3GhmL9fuM8jwGcHCFbeo3v;Me Prefieres A Mi;False;195657;0.726;0.604;7;-8.127;1;0.0846;0.546;2.71e-05;0.913;0.788;80.994;4;40
5vNRhkKd0yEAg8suGBpjeY;APT.;False;169917;0.777;0.783;0;-4.477;0;0.26;0.0283;0.0;0.355;0.939;149.027;4;41
1AddbBdKFz8wdqatGVSsYS;Es Un Secreto;False;192053;0.838;0.732;6;-6.266;0;0.0432;0.114;1.49e-06;0.0682;0.525;95.011;4;42
5RqSsdzTNPX1uzkmlHCFvK;QLONA;True;172797;0.841;0.738;7;-7.455;0;0.307;0.52;0.0;0.0892;0.484;169.918;4;43
54zcJnb3tp9c5OVKREZ1Is;MI EX TENÃA RAZÃ“N;False;154374;0.634;0.725;5;-4.945;0;0.0587;0.0776;0.0;0.211;0.795;159.845;4;43
6tuLAQURf4P97dD750iTaJ;CASI ALGO;True;163979;0.682;0.827;7;-4.898;1;0.0636;0.511;1.11e-05;0.416;0.471;91.027;4;44
0rNqDh9zWWJVTLS4VfceHP;Brickell;True;180360;0.805;0.89;11;-1.502;0;0.0634;0.0704;0.0;0.121;0.489;93.037;4;45
5YJ4BVvTFmVCxUyhKejHfR;Pa' Que Retozen;True;151666;0.815;0.856;1;-3.825;0;0.122;0.4;8.34e-05;0.244;0.872;91.995;4;46
50zAEIE4B1QqhPjRMK2Xmh;Running Wild;False;151646;0.487;0.711;8;-4.22;1;0.0322;0.000175;0.0;0.152;0.317;146.921;4;47
0EhmTBq33eARyOz3SIi4P2;En Otra Vida;False;153609;0.459;0.162;0;-11.634;1;0.0425;0.929;0.0;0.137;0.483;184.784;3;48
05yMrCIM3QQVLhlAlLMUVQ;SeÃ±al De Vida;True;240255;0.724;0.678;6;-6.681;0;0.0739;0.12;0.000788;0.587;0.687;171.968;4;49
5rRYtMoEDY3HrvV13jcsom;Yo Te Quiero (feat. Chris Jonex);False;195535;0.805;0.698;10;-7.078;0;0.13;0.349;4.4e-06;0.0743;0.769;112.026;4;50
2AyHptlbcCczCoyVANwPeK;HOCO en la U (Â¿que hubo?);False;246933;0.75;0.723;2;-6.284;1;0.0968;0.197;0.0031;0.109;0.403;105.022;4;51
7JwdbqIpiuWvGbRryKSuBz;Es un Secreto;False;190560;0.841;0.783;6;-4.915;0;0.0432;0.106;2.49e-06;0.0528;0.514;94.989;4;52
1sc1u87B3KcsNPf0jcYwgQ;No Te Rayes;False;179344;0.673;0.61;2;-4.933;0;0.131;0.18;0.0;0.144;0.399;169.84;4;53
3KZCP2StVGdWkOKyRZNWA4;Es un Secreto;False;192120;0.841;0.774;6;-4.963;0;0.0421;0.117;2.66e-06;0.0674;0.494;95.006;4;54
2mLTxNa0bwZX8eNBsuODLX;Una Vida Pasada;False;218500;0.768;0.679;7;-5.539;0;0.0411;0.656;3.66e-05;0.143;0.948;89.975;4;55
7chTH3GBjjAyagf0SPCZDL;SI SABE FERXXO;True;152500;0.726;0.831;8;-2.035;0;0.12;0.0139;3.71e-06;0.0891;0.489;95.997;4;56
4jdwQISB7rhP1EO4JiwnJF;Gata Oficial;False;234733;0.772;0.665;11;-7.441;1;0.19;0.134;0.000513;0.205;0.579;82.978;4;57
0zDO5avDZSXRwWzfuguIRb;LlorarÃ¡s;False;228554;0.704;0.884;8;-6.275;1;0.0527;0.549;0.000364;0.0492;0.964;93.058;4;58
2naqSVQHgiaoEpxtkVOhmK;LlorarÃ¡s;False;228554;0.704;0.884;8;-6.275;1;0.0527;0.549;0.000364;0.0492;0.964;93.058;4;59
0BoLTC9I3PYefcWd7FOhUh;Chismofilia;False;178608;0.827;0.871;0;-6.072;1;0.123;0.0297;1.46e-06;0.336;0.562;125.013;4;60
2NFWEVIzLcWARyI8BzgA23;Contentoso;False;169887;0.801;0.741;9;-5.572;1;0.0953;0.162;0.0;0.0584;0.652;93.98;4;60
5enCBu8FLjlLz60k9t15MA;Coqueta;False;235020;0.727;0.657;2;-7.606;1;0.0561;0.115;0.0;0.098;0.868;180.055;3;61
6eDU6kAtlOLVEkVu4st1Bt;No Me Cansare;False;162857;0.667;0.744;1;-4.634;0;0.0977;0.0667;0.0;0.211;0.562;167.911;4;62
0O3U5iwTbiXCREMkvotJuN;EL AMOR DE SU VIDA;False;165848;0.616;0.834;9;-3.069;1;0.0664;0.06;0.0;0.338;0.746;151.701;4;63
5HR7yfhSCeoOHRQN05XnZQ;QUE VUELVAS;False;169418;0.497;0.644;10;-4.309;1;0.0443;0.188;0.0;0.114;0.779;162.542;4;63
2yzshFeBIwH8tWIqHEFLeD;un x100to;False;194563;0.571;0.72;9;-4.089;1;0.0458;0.213;0.0;0.271;0.542;83.827;4;63
7tI8dRuH2Yc6RuoTjxo4dU;Who;False;170887;0.66;0.756;0;-3.743;0;0.032;0.00289;0.0;0.193;0.838;116.034;4;64
2FFr0vdtqPBTK3RW0c7T5C;Cupido;False;215000;0.914;0.601;11;-5.255;1;0.163;0.0888;4.62e-06;0.264;0.648;96.041;4;65
6kPCcIAGoTeRrh8qrmKa90;Piel;True;142041;0.646;0.907;0;-1.617;1;0.0593;0.422;0.0;0.14;0.816;168.004;4;66
0c82YIGpQ5dCaXpTNCk4sb;AlegrÃ­a;False;165054;0.575;0.658;9;-2.34;0;0.101;0.0463;2.24e-05;0.0627;0.884;84.273;5;66
3fJHbMUnzceimOnNjp63fF;Primera Cita;False;186455;0.536;0.396;10;-7.804;1;0.0687;0.604;6.97e-05;0.0969;0.491;157.846;3;67
6j5LtifAnuTjTYvml61yFZ;Un MillÃ³n de Primaveras;False;173080;0.73;0.341;3;-8.521;1;0.0578;0.654;0.000181;0.0926;0.822;100.558;3;68
6VsqdsaY4oV06NODea0L0J;POR EL CONTRARIO (with Angela Aguilar & Leonardo Aguilar);False;185207;0.475;0.666;11;-4.962;0;0.0312;0.644;1.2e-05;0.0988;0.765;159.744;4;69
6dOtVTDdiauQNBQEDOtlAB;BIRDS OF A FEATHER;False;210373;0.747;0.507;2;-10.171;1;0.0358;0.2;0.0608;0.117;0.438;104.978;4;70
2J9B63FawlTaPdg4eH5X03;Loco;False;204000;0.82;0.565;6;-5.965;1;0.17;0.158;2.45e-05;0.0469;0.773;105.11;4;71
03IpZ9yqJlo3EIgDQUgBSF;Nueva Era;True;217547;0.556;0.724;0;-3.165;1;0.119;0.267;0.0;0.217;0.681;101.097;3;72
26y2gBrbiFJIOUjIlSQfdH;Vida De Rock;True;181503;0.621;0.59;0;-7.012;0;0.0611;0.356;0.0;0.121;0.754;135.008;4;72
63rRgkllF0FDeZ9fpOkFKl;Imperio;True;168711;0.544;0.616;8;-5.435;1;0.197;0.285;0.0;0.106;0.398;132.942;3;72
5lXKHJ3kYg9aM0TdBgaZBe;Ameri;False;199310;0.623;0.684;4;-4.666;0;0.0572;0.0947;0.0;0.339;0.321;153.788;4;72
64sXViF6VlsihR0eJt0vUq;Cine ðŸš¬;True;142957;0.655;0.719;2;-3.705;1;0.253;0.12;0.0;0.099;0.479;179.653;4;72
4JtKlgBLKHtRTqixKHrrw8;ÃNGEL;False;184095;0.826;0.596;11;-5.262;1;0.0357;0.292;0.0;0.166;0.869;127.922;4;73
0bYg9bo50gSsH3LtXe2SQn;All I Want for Christmas Is You;False;241106;0.336;0.627;7;-7.463;1;0.0384;0.164;0.0;0.0708;0.35;150.273;4;74
3tt9i3Hhzq84dPS8H7iSiJ;La Bachata;False;162637;0.835;0.679;7;-5.329;0;0.0364;0.583;1.98e-06;0.218;0.85;124.98;4;75
5MKbWaXeSQSmzmo7gPQha1;Amor de Vago;False;188423;0.65;0.507;2;-7.27;1;0.111;0.706;2.47e-06;0.0725;0.603;179.984;4;76
5AkLEnorFvb7WIJOGqKYVT;Si Un DÃ­a EstÃ¡s Sola | CROSSOVER #7;False;164021;0.63;0.507;1;-4.865;1;0.0647;0.0386;0.0;0.0666;0.744;183.896;4;77
4dLLdfiniBhDP9dlJQIOi4;Perdonarte, Â¿Para QuÃ©?;False;193933;0.672;0.702;11;-4.662;0;0.0314;0.168;0.0;0.0445;0.615;90.039;4;78
7yrTny7FLWLbfIzsxoicWj;noviogangsta <3;True;157209;0.816;0.872;11;-4.27;0;0.0442;0.25;3.7e-06;0.254;0.94;128.924;4;79
0EVxchTHYIgx618OrpcrdQ;AGORA;False;153564;0.686;0.871;4;-2.217;0;0.0926;0.254;0.000206;0.34;0.626;169.857;4;80
0SoBfYjQHvL6cuWHtPUYnq;Hoy;False;198495;0.451;0.711;11;-4.612;1;0.0426;0.24;0.0;0.154;0.661;176.161;4;81
1TyBUtMxdmRfXhW3MmbxtQ;QUE ME FALTE TODO;False;165918;0.731;0.855;3;-5.115;0;0.0516;0.0943;0.0;0.688;0.966;148.052;4;82
6vRQqxOhUFd78p5tL8jXr7;La Morocha;False;134144;0.756;0.769;7;-5.752;1;0.0342;0.0973;0.0;0.279;0.973;149.109;4;82
7JKptWv4YXmievid0HajID;HOLA PERDIDA;False;166536;0.482;0.794;2;-5.86;0;0.0835;0.187;0.0;0.744;0.565;154.921;4;82
0u6JsFiEEXb6kaF0oqyeFi;Ya No Vuelvas (VersiÃ³n Cuarteto);False;204000;0.736;0.901;1;-4.575;1;0.0838;0.221;0.0;0.375;0.567;149.946;4;82
5aZ8rf2aPfZrnRWLA7bByo;PaÂ´Que Te Acuerdes | CROSSOVER #8;True;172800;0.801;0.677;9;-4.804;1;0.0522;0.0604;0.0;0.0717;0.52;100.017;4;83
5DSMm0BZXlSvqArsTX00Ge;DOCTOR;False;144148;0.651;0.762;9;-2.969;1;0.0315;0.0834;0.0;0.0701;0.721;90.989;4;84
2N0hVk2Ant8751xPZUjCV2;Loquita - Remix;False;209846;0.724;0.742;7;-5.551;0;0.0593;0.208;0.0;0.283;0.785;90.038;4;85
39Pc4a04VgCtcc7m0XKi9M;TAMBIÃ‰N;True;139546;0.629;0.643;4;-6.908;1;0.205;0.291;0.0;0.106;0.928;119.944;4;86
1db75lVrSgDFZI1gZh8JlV;Princesa;False;166241;0.632;0.942;11;-2.665;1;0.0492;0.192;0.0;0.151;0.944;157.023;4;87
42mrOMjkQb7jRKatu0bqg4;Mil Preguntas;False;166973;0.641;0.907;8;-4.08;1;0.0764;0.241;0.0;0.219;0.827;76.02;4;88
2xbH0CuDbid800YW5nMPzR;SINVERGÃœENZA - con Angela Torres;False;217490;0.764;0.738;0;-4.774;1;0.0336;0.182;0.0;0.173;0.647;93.963;4;89
1MCArCVJUgBUrBnzUoZqmq;Dimelo Mami;False;154806;0.83;0.782;9;-5.238;0;0.0686;0.0589;3.74e-05;0.0957;0.339;100.047;4;90
6ViJgiKfyqfs52x2pGhuPF;DespÃ³jate Vol.2;False;240435;0.67;0.717;1;-6.025;0;0.0435;0.0993;0.0;0.179;0.77;135.059;3;91
4eqXTlaHeK6xkM1fRx9wR5;Conmigo Te GustÃ³;False;72937;0.742;0.61;9;-9.022;1;0.0658;0.311;6.16e-06;0.0455;0.963;84.015;4;92
6VbNzSrjWjTMfrDLJ6Jt5D;La Piel Bien Caliente;False;80000;0.691;0.574;11;-8.7;0;0.0857;0.151;0.000463;0.326;0.884;164.021;4;92
7khla88C1xwKeI6qzwcOuH;No Va a Venir;False;68874;0.628;0.632;10;-8.926;1;0.0443;0.1;0.0;0.698;0.848;84.163;4;92
3KeYEr9ogMBemsOfQIJmZp;Cuando Te Vi | CROSSOVER #5;True;218400;0.81;0.767;6;-3.104;0;0.053;0.162;0.0;0.0957;0.654;99.996;4;93
4jn3R3KF5hx2fCiXlj89yE;FLECHAZO EN EL CENTRO;False;185241;0.753;0.644;5;-6.685;0;0.043;0.132;1.66e-06;0.104;0.457;104.947;4;94
3cWo162YkfLIFyB3DWbVoH;Tu Foto - En Vivo;False;180385;0.561;0.803;11;-5.132;0;0.073;0.146;0.0;0.188;0.338;153.669;4;95
4xXvGEiTkoaIkOMWa4u3Mn;COLOCARTELO;False;176250;0.857;0.701;0;-3.483;0;0.063;0.434;0.0;0.0395;0.812;96.046;4;96
42wdz3j7gstgUuhoFLCXqd;PELIGROSA;True;134930;0.763;0.519;6;-7.426;0;0.0636;0.22;6.42e-06;0.0816;0.804;100.025;4;97
0ZS96pPRLyGUViVi5PWCAR;APAGA EL CEL;True;184806;0.696;0.496;9;-7.532;0;0.0365;0.273;0.000397;0.0626;0.476;100.025;4;97
27bcRgu0wnDteieWlLCxc8;TU TA RICA;True;121200;0.755;0.507;3;-6.76;0;0.0684;0.293;1.82e-05;0.18;0.606;99.994;4;97
2esZG2XFtuoWWA9AfDvSxy;Gata Only;True;222000;0.794;0.5;8;-8.454;0;0.049;0.438;3.00E-05;0.0905;0.659;99.985;4;97
2RmtEc2ZNDCzAU3vH0AbKx;Ojos Verdes;False;142410;0.582;0.834;4;-2.654;1;0.0394;0.224;2.67e-06;0.145;0.95;167.945;4;98
0CgpCtEPvyDizcg2p47VrU;A las Nueve;False;207533;0.625;0.804;4;-5.652;0;0.0268;0.236;8.22e-05;0.308;0.827;129.931;4;99
6MuJUSYCqA4FpMogUHzb2R;Ese Maldito Momento;False;185866;0.643;0.616;11;-6.358;0;0.0266;0.469;5.74e-05;0.0886;0.652;139.931;4;99
2bNCiY24Eh4saMcc23bvUN;ADIÃ“S;True;160856;0.747;0.765;9;-4.184;0;0.0547;0.374;4.66e-06;0.202;0.514;98.012;4;100
2AFC9ad4nGauS1cgm7FCqU;UN SIGLO SIN TI;False;154800;0.635;0.908;10;-5.332;1;0.0909;0.141;0.0;0.112;0.924;74.992;4;101
6CzozhzNVBfxmUthlZiYm4;DUELE;False;145518;0.769;0.453;11;-8.893;1;0.188;0.364;7.94e-06;0.112;0.154;131.991;5;102
3oNnzH6hmqIGIhJ1NcHlrh;CORAZÃ“N VACÃO;False;160535;0.681;0.792;1;-4.795;1;0.0587;0.334;2.05e-06;0.295;0.4;98.09;4;103
7eNwwoxDR8KVzNAuGvliAO;Kyoto;True;247840;0.732;0.753;9;-4.269;0;0.0512;0.235;1.74e-05;0.568;0.405;94.978;4;104
2N9LvPp7o61eerdZEyKQ19;Me Voy;False;131947;0.588;0.683;0;-4.188;1;0.0302;0.285;0.0;0.168;0.653;86.041;4;105
0Cs2ANiGsCOQLKnCrNJ6hA;La_Playlist.mpeg;False;149571;0.753;0.836;5;-2.584;0;0.0568;0.0184;0.0;0.11;0.891;139.949;4;106
6PhRhocBXP4y7NpciGmzra;DespuÃ©s De La 1;True;177600;0.805;0.581;6;-5.091;0;0.0601;0.0303;0.0202;0.0933;0.528;99.973;4;107
0rqH7y08F8C8lcVBI8n2Sq;DÃ©jame Pensar;True;211286;0.757;0.666;7;-4.81;1;0.051;0.106;7.86e-05;0.121;0.516;100.001;4;107
5vHWh24GAsXJ7tnIu8v7UN;Por Mil Noches;False;283884;0.553;0.672;1;-7.489;0;0.0291;0.0169;5.35e-05;0.186;0.286;111.965;4;108
45DB3yqxYGAnKN3YmLWbAX;Running Wild;False;151646;0.487;0.711;8;-4.22;1;0.0322;0.000175;0.0;0.152;0.317;146.921;4;109
6Es8Sk3xe1HiJ2MXCfHHwR;La_Original.mp3;False;140625;0.833;0.809;5;-2.751;0;0.0381;0.0836;0.0;0.112;0.905;128.055;4;110
61qPUnazSdkvua4wgA4L8C;Como Eran Las Cosas;False;240520;0.696;0.445;1;-9.114;1;0.0316;0.463;1.72e-05;0.0918;0.591;94.984;4;111
0iwmZVScrpLcbbfHbdJGT0;Como Eran Las Cosas;False;242520;0.696;0.448;8;-9.099;1;0.0333;0.452;2.43e-05;0.0904;0.569;95.004;4;112
3tiJUOfAEqIrLFRQgGgdoY;Un Finde | CROSSOVER #2;False;162500;0.528;0.659;11;-3.623;1;0.0604;0.0613;0.0;0.219;0.8;192.055;4;113
2wEhjcnre2PU36KQNBLXCC;SE DICE DE MI;True;136000;0.706;0.518;2;-7.559;1;0.231;0.105;0.0;0.502;0.815;180.083;4;114
1R3ubqAHKHE6f64Hz37q8h;Un MontÃ³n de Estrellas - En Vivo Gran Rex;False;165326;0.537;0.793;10;-5.93;1;0.044;0.153;2.07e-05;0.916;0.863;89.398;4;115
5g2Jqe1D2qnZc6LcvWL3e1;Te Vas a Arrepentir;False;110937;0.698;0.461;0;-9.12;1;0.0643;0.444;0.0;0.0614;0.963;92.123;4;116
0T25HZGE0WwyELWBlXQVbY;PONTE PERRO | DJ TAO Turreo Sessions #24;False;149504;0.68;0.581;11;-5.567;1;0.24;0.137;0.0;0.266;0.748;172.218;4;117
1yg1tWFaYajN4b7vsKtYRE;El Doctorado;False;133829;0.714;0.684;10;-6.319;1;0.061;0.631;0.0;0.0738;0.626;77.027;4;118
6hLsMjw00j3HGrkUjKwmgo;A200;True;206659;0.754;0.858;2;-3.908;0;0.043;0.0635;0.0;0.331;0.767;118.473;4;119
5eqZZLLZ4CkuUznPCOimsi;Cosa Linda;True;150000;0.837;0.651;9;-4.318;0;0.071;0.204;0.000272;0.238;0.661;95.944;4;120
2Bf7izPNpcTVNL41bdyFic;Zoom Zoom;True;146406;0.83;0.576;9;-7.95;0;0.149;0.527;0.0;0.0775;0.814;99.943;4;120
00BjWhfYjpmRqKd1qCzdM0;Bentley;True;144000;0.83;0.727;9;-3.86;1;0.134;0.33;0.0;0.0825;0.536;99.994;4;120
4RtLVq34QEU3ckAl8Tdyro;Sola Suelta Soltera;False;163200;0.819;0.581;11;-4.841;1;0.144;0.0732;0.0;0.119;0.505;100.031;4;120
2SuosMcETUjDfBRobLLTQm;CHIKA MALA;True;174412;0.642;0.489;3;-7.833;0;0.175;0.0224;0.0;0.156;0.762;99.334;4;121
3ps5MDjfpA3wAbKMitNWgM;MIRALA;True;146633;0.813;0.738;6;-1.681;1;0.123;0.058;2.82e-05;0.0843;0.801;87.989;4;122
5Uptvz6j1sjDKxidAcnH2L;SI NO ES CONTIGO;True;156000;0.763;0.626;5;-5.637;0;0.0433;0.0859;0.225;0.205;0.78;100.02;4;123
2ajOfRsIVgVO4pmjeCPIzp;MY LOVE;True;172755;0.644;0.562;9;-5.698;1;0.0277;0.0966;0.0;0.245;0.382;100.033;4;124
4MAv7MqIlcaTBHGiUXIWiw;SI NO ES CONTIGO - REMIX;True;254500;0.732;0.74;0;-4.281;1;0.0302;0.0452;9.8e-05;0.127;0.681;99.995;4;125
6UNLWd8LUk9nNgmU6AcXct;CHINGON;False;134778;0.904;0.795;5;-3.086;1;0.203;0.2;0.0;0.122;0.589;130.077;4;126
3l6CjeIBGZuoCxNS88APlI;SATIROLOGÃA;True;154721;0.649;0.831;1;-6.338;0;0.0371;0.121;3.31e-06;0.364;0.336;95.018;4;127
0vfPiExVUcECwzpQ3vfV0R;Tattoo;False;201027;0.596;0.869;8;-5.516;1;0.0983;0.411;0.0;0.12;0.798;148.024;4;128
2kvpHbQHp9QmcG9WhyLwco;Daytona;True;173785;0.776;0.737;1;-5.52;0;0.0636;0.0979;6.46e-05;0.0693;0.547;97.011;4;129
21hsqOOUfdSjHi3SVz8oyv;No Ponga Excusas;False;164956;0.608;0.514;6;-7.857;0;0.188;0.385;0.287;0.122;0.6;99.698;4;130
3RpbyzSdjlKeEEnVbzhCRE;Amigos Y Enemigos Almighty;False;150024;0.813;0.688;6;-5.038;1;0.123;0.204;0.0;0.105;0.32;114.869;4;131
4aOp0PlHbZl4lPIsi5CyLO;Mi AutomÃ³vil;True;140112;0.845;0.762;11;-4.788;1;0.0574;0.0122;6.13e-05;0.0594;0.775;99.029;4;132
1hkSF9s6moQBLEeRcdtHgF;Gracias A Dios;True;158310;0.866;0.87;10;-3.718;0;0.0598;0.0135;0.0;0.279;0.677;102.063;4;132
0zIWfaIRtpt2pO9LK5vU33;RIKISHI (feat. DJ Acres);True;128707;0.864;0.679;10;-5.898;0;0.0997;0.11;0.0;0.204;0.903;102.003;4;132
5MmwcFIcD3ZuGE8yRloi3S;Boomerang;False;184463;0.778;0.681;0;-4.86;0;0.0591;0.432;1.61e-05;0.1;0.788;167.946;4;133
3uI1I2juxVWkrjSHdd9mVh;NO COOPERAMOS;True;298775;0.836;0.915;4;-5.92;0;0.101;0.0703;8.86e-05;0.643;0.637;98.007;4;134
1LiN0Z98FkR1t0m8KmLcAH;Amanece;False;190004;0.79;0.631;8;-5.549;0;0.0425;0.437;0.0;0.158;0.889;94.039;4;135
0qd7ACCc9z2mlTYgPRcnUJ;Tuss;True;221962;0.795;0.605;6;-4.722;1;0.0809;0.304;0.0;0.108;0.624;96.017;4;136
6Dj22jpOiUm5DMjjEdeImQ;BEIA (Jere Klein);False;131650;0.689;0.543;0;-4.648;1;0.405;0.00229;0.0;0.135;0.859;99.776;4;137
2nwa6nS5lXnsvwX48RWkbS;Que Te Vaya Bien;False;175694;0.638;0.935;2;-2.631;1;0.0582;0.0878;0.0;0.19;0.871;150.067;4;138
604IC2o3T3bxPu6C7Pimd7;QUE LE DE;False;165631;0.734;0.697;11;-5.376;1;0.0733;0.344;1.68e-06;0.146;0.822;97.007;4;139
69vi5SUSJJF0CQJCZngFFS;Parte & Choke;True;205227;0.731;0.671;5;-3.831;0;0.309;0.00649;0.0;0.185;0.864;117.345;5;140
5mD7jI5GrDmsadKibEYho2;Toky;True;160937;0.895;0.642;1;-8.699;1;0.558;0.161;0.0;0.0722;0.96;90.819;4;141
5cZIDOH5DaLSXFqo21G24Z;Robando;False;154000;0.779;0.853;11;-5.829;0;0.0403;0.0647;0.0;0.62;0.974;93.04;4;142
6uIIdjYTxxpWOyWuVXrKQO;Que Onda;True;191466;0.808;0.944;10;-4.863;0;0.0408;0.183;1.11e-06;0.138;0.937;124.934;3;143
1HWbpfmzt1YplLceHgirCv;Virgen;False;273763;0.66;0.756;8;-4.903;1;0.0443;0.727;0.000323;0.115;0.768;90.839;4;144
0fea68AdmYNygeTGI4RC18;LA CANCIÃ“N;False;242573;0.756;0.646;7;-5.795;1;0.319;0.152;1.81e-05;0.108;0.429;176.088;4;145
1C5jDtYftdFtHNG6iLVyCA;La Jama;True;224006;0.714;0.752;6;-2.283;1;0.161;0.0146;0.000414;0.062;0.659;179.992;4;146
27ze5t5tIDPlVits0KRbxT;El Perdedor;False;215213;0.779;0.589;5;-10.645;1;0.0345;0.332;0.0;0.12;0.894;128.044;4;147
5jt25aFjW2kNoBqaEVaz5W;LA INOCENTE;True;202173;0.757;0.789;5;-3.46;0;0.0583;0.307;0.0;0.0717;0.464;91.911;4;148
7iUtQNMRB8ZkKC4AmEuCJC;LA FALDA;True;174229;0.8;0.738;7;-4.26;1;0.0691;0.372;0.00877;0.19;0.267;103.008;4;149
6sRQjwLPdzADXhgZeKy6PQ;TÃº Con El;True;301441;0.824;0.776;7;-6.309;1;0.0506;0.202;0.000288;0.258;0.96;95.339;4;150
5mg6sU732O35VMfCYk3lmX;Ven DevÃ³rame Otra Vez;False;314013;0.704;0.719;5;-5.353;0;0.0363;0.633;0.00015;0.313;0.962;84.414;4;151
1aUq8rjW1EwkAkMri4VfJy;LOKERA;True;197101;0.836;0.826;11;-2.66;0;0.0461;0.213;6.03e-06;0.0814;0.579;102.025;4;152
4OLT65TRsOx3Iv1TlCcQVb;Presidente;True;181064;0.732;0.827;11;-4.152;1;0.0585;0.123;0.0;0.117;0.584;105.145;1;153
6X6m4xmdFcz31p1h7Qg68c;EL LOKERON;True;145473;0.724;0.689;7;-7.174;0;0.0524;0.573;6.77e-06;0.0922;0.936;120.208;3;154
5lKFO0PrOC9jmOlPEdjHsL;DOS DÃAS;True;153928;0.745;0.513;1;-9.116;1;0.087;0.783;0.0;0.216;0.929;109.935;3;154
6HrALJOMsfPCCbUo5cJCON;ESCAPATE;True;144674;0.818;0.447;5;-10.247;0;0.047;0.514;8.14e-05;0.187;0.693;120.09;1;154
2lAUq68F2bt7Kc218n9FPp;AY MAMÃ;True;163031;0.666;0.764;4;-6.297;0;0.116;0.366;0.0;0.347;0.729;148.853;4;154
3IEvQ1CzszUJtTRLmmMJ2X;5-jul;False;174500;0.827;0.596;10;-8.36;1;0.039;0.379;0.0;0.138;0.964;111.997;3;154
7AysIqSEDiwP4CUsAXJwrk;PRIMO;True;164991;0.661;0.808;3;-6.28;0;0.0347;0.355;0.0;0.131;0.7;144.886;3;154
1wsDxqEDpsvNCatbXHjOje;BLANCA ROSITA Y MARIA;True;200658;0.767;0.656;11;-6.804;0;0.0561;0.3;0.00235;0.139;0.684;129.99;3;154
7qXptgpZGo8AFPhJCBVLFE;LINDA;True;224210;0.911;0.761;6;-6.712;0;0.0507;0.135;3.48e-05;0.163;0.948;124.983;4;154
0zLA16D7GXoT8K7XFaiCv3;TU SI;True;181921;0.851;0.51;8;-8.904;0;0.0352;0.455;1.07e-06;0.112;0.823;114.017;3;154
7sd6zMrgGpEa7NkQm9TRrg;NADIE;True;197031;0.702;0.843;7;-4.71;1;0.114;0.465;0.0;0.12;0.526;92.604;4;155
0NsGFMIo2aNbAkJu48ndaf;Morena Canela;True;178336;0.658;0.614;10;-6.981;1;0.0324;0.105;2.18e-05;0.092;0.465;119.893;3;156
2aYZaN5SmkRDLsrrV8GkBQ;LA PATRULLA;True;130614;0.722;0.74;6;-7.22;0;0.063;0.68;3.27e-05;0.176;0.893;132.731;3;157
02cRoSfWU3RJNFyU3o4lhV;SANTAL 33;True;190303;0.715;0.764;6;-6.064;0;0.0946;0.666;8.11e-06;0.148;0.735;125.095;3;157
5GTBdEjZe7zEDp1N0eCZE4;HOLLYWOOD;True;284864;0.707;0.683;3;-7.598;0;0.191;0.7;5.88e-06;0.134;0.545;94.979;3;157
1jIirpaACmgb4nTYfywys4;BELANOVA;True;164822;0.726;0.808;1;-5.845;1;0.064;0.556;5.4e-06;0.208;0.814;129.84;3;157
0BiDnJFB3TlRB6aji7jUz3;Rey Sin Reina;False;150523;0.529;0.356;3;-6.612;1;0.0569;0.29;0.0;0.136;0.659;169.653;3;158
5LhI8m7n8xlQmNe3b7Rwis;Madonna;True;187087;0.732;0.873;0;-5.965;1;0.0321;0.0449;0.000803;0.347;0.662;128.029;3;159
4ZOkfHC38nxSeSqzGE5HFr;PIÃ‰NSALO;True;240669;0.716;0.536;2;-7.798;0;0.0328;0.452;0.0;0.208;0.359;97.541;3;160
6RcAHyC5sAUIbPTkhOQwd8;Y LLORO;True;179013;0.728;0.589;7;-7.115;1;0.0376;0.424;7.78e-06;0.166;0.767;77.475;4;160
2CshODtf7iwe3pKlPmEWF5;TRES BOTELLAS;True;162648;0.723;0.59;11;-7.688;0;0.0341;0.246;5.02e-05;0.201;0.587;97.481;4;160
5AH31dDNgxCMGDdxubNNn4;NEL;True;149073;0.69;0.482;7;-6.335;0;0.2;0.523;0.0004;0.0728;0.356;100.029;4;161
1cZHUhGz7xJ8c4szDipipd;Mejores Jordans;False;234077;0.669;0.583;1;-8.949;1;0.269;0.603;2.54e-06;0.1;0.271;115.221;4;162
41EOhpn50qvd8iZSKw531W;LOS CUADROS;True;160409;0.782;0.539;11;-10.68;1;0.0716;0.319;0.0;0.0905;0.939;122.149;3;163
6KOnLTb1xLfKDAjMC43I76;Giza;False;177580;0.698;0.891;5;-5.003;0;0.0341;0.0942;0.0;0.133;0.696;124.054;3;164
3dpBkXMbRdDQ6ZhcxFufQp;AMIRI;True;123096;0.738;0.722;8;-8.202;0;0.0297;0.63;0.0;0.214;0.944;124.128;3;165
0lQogzZgV4XwuUTasz3nPL;EN MI MUNDO;False;307565;0.694;0.594;8;-8.39;0;0.0366;0.396;0.0;0.131;0.672;125.01;3;165
2ss1LK5Kfnjo5EUaCbsgZM;No Son Doritos;True;160714;0.783;0.834;3;-4.623;0;0.029;0.539;0.000212;0.0903;0.92;139.995;3;166
6fKvGaO8Dfntvx4thaXtak;Kamikaze (feat. Victor Mendivil);True;248362;0.863;0.662;4;-5.855;0;0.21;0.0843;8.45e-06;0.334;0.307;95.999;4;167
1C84d9abZVKWHT2YYpoean;Si No Quieres No;False;147011;0.786;0.786;4;-6.372;0;0.0512;0.445;2.12e-06;0.0947;0.611;100.123;1;168
51qYdMBxt9mFbtZBzq1Yfi;Regalo De Dios;False;185933;0.792;0.516;4;-6.097;0;0.027;0.197;0.0;0.0855;0.916;108.939;4;169
29vIEdxgMT9H1fnBMecWjA;Lo Tienes Todo;False;164386;0.702;0.836;8;-3.599;1;0.0658;0.204;0.0;0.0698;0.63;117.897;4;169
1sXr6moCwVxwKEgSPxhVvF;Apaga El Cel;False;170832;0.744;0.842;10;-6.576;0;0.0358;0.101;2.43e-06;0.148;0.814;125.258;3;170
2UkVLIGCGNuyMDPM4hz6dQ;Un Scar;False;299381;0.942;0.623;10;-8.32;0;0.299;0.0559;0.0;0.0722;0.783;97.007;4;171
7l3UuUZEqvxjhKYD2QBxOU;Vaquero - Remix;True;300000;0.752;0.91;4;-3.189;0;0.0541;0.481;0.0;0.0947;0.798;95.986;4;172
3FqUPvubYeRCMsdJ02QyZR;TÃš NAME;False;152078;0.76;0.747;0;-5.083;0;0.0282;0.0675;2.73e-06;0.309;0.884;128.912;3;173
33Nj9AdncSmHbCN3QeSZTL;Volver Al Futuro;False;204102;0.753;0.662;1;-6.702;1;0.0361;0.128;0.0;0.105;0.638;116.916;3;174
1uGUbgZuO1kD1JZ0UeFupN;Hecha Pa' MÃ­;False;195845;0.742;0.832;8;-4.267;1;0.0325;0.0857;0.0;0.296;0.716;98.582;4;175
7gG2xMiojQrsTUGa7qeQoo;Nena Moxita;True;217298;0.761;0.723;11;-4.098;1;0.0528;0.0611;0.0;0.0426;0.965;147.911;4;176
7oJ3N7oVSwoa5sdpg6NCE6;Lo Que Hay X AquÃ­;False;158545;0.69;0.502;0;-7.242;1;0.096;0.697;0.0;0.213;0.747;153.991;4;177
03MqlviAY1kvFqdaGl5Mhg;Cero EmpatÃ­a;False;189524;0.68;0.429;2;-4.807;0;0.0341;0.342;0.0;0.241;0.589;140.149;3;178
25anKrtqXPngMi3IoF5UhC;Vibra Perfecta;False;183315;0.723;0.351;5;-6.352;1;0.029;0.65;0.0;0.103;0.758;93.481;4;178
4Ndjd6DhKIC5IPoBIrMQuX;Ese Vato No Te Queda;True;198607;0.748;0.74;7;-3.643;0;0.0387;0.0292;0.000109;0.087;0.618;117.955;4;179
4ZplewvZRLFcfBa5uyBbhd;Belleza De Cantina;False;183946;0.755;0.596;9;-7.849;0;0.0402;0.282;0.0;0.0508;0.806;96.487;4;180
179TZwPk0txEvjkraVTVKo;El Precio De La Soledad;False;186360;0.715;0.846;10;-3.665;1;0.18;0.129;2.57e-06;0.084;0.909;95.426;4;181
0sgwOySqG0fbNukjUa1BUt;El Final De Nuestra Historia;False;197346;0.736;0.495;10;-8.168;1;0.0353;0.502;0.0;0.214;0.942;114.967;4;182
7kofJygFUxxmag4EAYcCG3;El Final De Nuestra Historia;False;197280;0.736;0.499;10;-8.177;1;0.0341;0.487;0.0;0.23;0.957;114.984;4;183
